profile_id,Full_Name,Contact_Number,rent,Customer_Segment
1,anusha pariti,8.10599e+009,7500,Grade_B
2,Ashish Singh,9.87689e+009,11000,Grade_A
3,Bhaskar maheshwari,9.80183e+009,12000,Grade_A
4,Garima yadav,8.10592e+010,8000,Grade_B
5,Tanvi mann,9.17835e+009,9000,Grade_B
6,Harish sahai,9.87655e+009,10200,Grade_A
7,Kamal gera,8.10599e+009,6500,Grade_C
8,Tushar kapoor,8.92654e+009,7200,Grade_C
9,Shivshankar das,9.80183e+009,7500,Grade_B
10,Aditi jain,9.87312e+009,7500,Grade_B
11,Deepa sudhakar,7.89679e+009,8000,Grade_B
12,Umang parejiya,7.89654e+009,11000,Grade_A
13,Mitali gupta,8.79675e+009,12000,Grade_A
14,Manisha Yadav,9.86785e+009,13500,Grade_A
15,Shivani godha,9.87867e+009,6500,Grade_C
16,Rajan pandey,8.98765e+009,6500,Grade_C
17,Roosena manuel,9.87562e+009,10500,Grade_A
18,Prabhjot gill,9.80079e+009,8000,Grade_B
19,Ankita sharma,9.98879e+009,7500,Grade_B
20,Karan Singh,8.97667e+009,9500,Grade_B
