﻿Zaanz appartment,"Sterling BrookSide, Opp. Kundalahalli Colony, ITPL Main Rd",Apartment,3 BHK,unfurnished,3
UDB Building,Flat No: T1 Deccan Field Appartment Kunadanhalli main road,Apartment,3 BHK,semifurnished,3
Apoorva society,"Flat No-202, Apoorva Apartment No-296 Vyalikaval House Building Cooperative Society Ltd Nagavara",Apartment,2 BHK,fully-furnished,3
Nestaway building,"#157, 4th Cross, 1st Main Road, Lower Palace Orchard",Apartment,3 BHK,fully-furnished,3
Indira society,"No. 502, Indira Meadows, Arunodaya Colony",Apartment,3 BHK,fully-furnished,3
